DELETE FROM APP.BORDERO_PERFORMANCES;
DELETE FROM APP.PLAY;
DELETE FROM APP.BORDERO;
DELETE FROM APP.CUSTOMER;

-- customers
INSERT INTO CUSTOMER (ID, NAME) 
VALUES (1, 'BigCo');

INSERT INTO CUSTOMER (ID, NAME) 
VALUES (2, 'TeatroCo');

-- plays
INSERT INTO PLAY (ID, CODE, NAME, TYPE)
VALUES (1, 'hamlet', 'Hamlet','tragedy');

INSERT INTO PLAY (ID, CODE, NAME, TYPE)
VALUES (2, 'as-like', 'As You Like It','comedy');

INSERT INTO PLAY (ID, CODE, NAME, TYPE)
VALUES (3, 'othello', 'Othello','tragedy');

-- relaciones
INSERT INTO APP.BORDERO (ID,"DATE",CUSTOMER_ID) VALUES
	 (10,'2020-03-01',1),
	 (11,'2020-03-01',1),
	 (12,'2020-03-01',1),
	 (13,'2020-03-01',1),
	 (14,'2020-03-01',1),
	 (15,'2020-03-01',1),
	 (16,'2020-03-01',1),
	 (17,'2020-03-01',1),
	 (18,'2020-03-01',1),
	 (19,'2020-03-01',1);
INSERT INTO APP.BORDERO (ID,"DATE",CUSTOMER_ID) VALUES
	 (20,'2020-03-01',1),
	 (21,'2020-03-01',1),
	 (22,'2020-03-01',1),
	 (23,'2020-03-01',1),
	 (24,'2020-03-01',1),
	 (25,'2020-03-01',1);
	 
INSERT INTO APP.BORDERO_PERFORMANCES (AUDIENCE,PLAY_ID,BORDERO_ID) VALUES
	 (55,1,10),
	 (35,2,10),
	 (40,3,10),
	 (55,1,11),
	 (35,2,11),
	 (40,3,11),
	 (55,1,12),
	 (35,2,12),
	 (40,3,12),
	 (55,1,13);
INSERT INTO APP.BORDERO_PERFORMANCES (AUDIENCE,PLAY_ID,BORDERO_ID) VALUES
	 (35,2,13),
	 (40,3,13),
	 (55,1,14),
	 (35,2,14),
	 (40,3,14),
	 (55,1,15),
	 (35,2,15),
	 (40,3,15),
	 (55,1,16),
	 (35,2,16);
INSERT INTO APP.BORDERO_PERFORMANCES (AUDIENCE,PLAY_ID,BORDERO_ID) VALUES
	 (40,3,16),
	 (55,1,17),
	 (35,2,17),
	 (40,3,17),
	 (55,1,18),
	 (35,2,18),
	 (40,3,18),
	 (55,1,19),
	 (35,2,19),
	 (40,3,19);
INSERT INTO APP.BORDERO_PERFORMANCES (AUDIENCE,PLAY_ID,BORDERO_ID) VALUES
	 (55,1,20),
	 (35,2,20),
	 (40,3,20),
	 (55,1,21),
	 (35,2,21),
	 (40,3,21),
	 (55,1,22),
	 (35,2,22),
	 (40,3,22),
	 (55,1,23);
INSERT INTO APP.BORDERO_PERFORMANCES (AUDIENCE,PLAY_ID,BORDERO_ID) VALUES
	 (35,2,23),
	 (40,3,23),
	 (55,1,24),
	 (35,2,24),
	 (40,3,24),
	 (55,1,25),
	 (35,2,25),
	 (40,3,25);
